Date,   SST AMM 
1/1/1948,0.66
2/1/1948,0
3/1/1948,1
4/1/1948,1.86
5/1/1948,1.3
6/1/1948,2.51
7/1/1948,1.63
8/1/1948,0.55
9/1/1948,-0.48
10/1/1948,-0.24
11/1/1948,0.72
12/1/1948,-0.93
1/1/1949,-0.2
2/1/1949,-0.47
3/1/1949,-1.13
4/1/1949,-1.22
5/1/1949,-1.88
6/1/1949,-1.55
7/1/1949,-0.19
8/1/1949,0.77
9/1/1949,0.89
10/1/1949,0.8
11/1/1949,0.16
12/1/1949,0.46
1/1/1950,0.53
2/1/1950,-1.07
3/1/1950,-1.26
4/1/1950,0.72
5/1/1950,1.05
6/1/1950,0.28
7/1/1950,0.21
8/1/1950,1.21
9/1/1950,1.26
10/1/1950,1.27
11/1/1950,1.87
12/1/1950,3.03
1/1/1951,2.14
2/1/1951,0.94
3/1/1951,2.29
4/1/1951,3.63
5/1/1951,3.7
6/1/1951,3.85
7/1/1951,2.87
8/1/1951,0.98
9/1/1951,-0.04
10/1/1951,-0.97
11/1/1951,-1.19
12/1/1951,-2.02
1/1/1952,-2.89
2/1/1952,-1.44
3/1/1952,0.92
4/1/1952,1.13
5/1/1952,2.09
6/1/1952,3.27
7/1/1952,2.36
8/1/1952,2.04
9/1/1952,2.24
10/1/1952,2.08
11/1/1952,2.25
12/1/1952,3.63
1/1/1953,3.16
2/1/1953,2.8
3/1/1953,1.32
4/1/1953,2.12
5/1/1953,2.34
6/1/1953,1.45
7/1/1953,1.45
8/1/1953,1.52
9/1/1953,1.52
10/1/1953,0.35
11/1/1953,0.69
12/1/1953,0.82
1/1/1954,0.97
2/1/1954,0.82
3/1/1954,-0.17
4/1/1954,-0.44
5/1/1954,1.68
6/1/1954,1.2
7/1/1954,0.39
8/1/1954,-0.86
9/1/1954,-1.25
10/1/1954,-1.69
11/1/1954,-1.6
12/1/1954,-1.07
1/1/1955,0.63
2/1/1955,1.62
3/1/1955,1.03
4/1/1955,1.95
5/1/1955,1.61
6/1/1955,2.14
7/1/1955,2.7
8/1/1955,3.05
9/1/1955,2.93
10/1/1955,3.55
11/1/1955,4.25
12/1/1955,4.57
1/1/1956,4.38
2/1/1956,3.56
3/1/1956,2.5
4/1/1956,2.02
5/1/1956,0.16
6/1/1956,-1.4
7/1/1956,-0.47
8/1/1956,-0.25
9/1/1956,-0.67
10/1/1956,0.05
11/1/1956,0.39
12/1/1956,0.74
1/1/1957,-1.03
2/1/1957,-2.24
3/1/1957,-1.54
4/1/1957,-2.32
5/1/1957,-1.4
6/1/1957,-0.44
7/1/1957,0.05
8/1/1957,1
9/1/1957,1.34
10/1/1957,1.62
11/1/1957,0.56
12/1/1957,0.1
1/1/1958,1.41
2/1/1958,4.02
3/1/1958,7.13
4/1/1958,8.23
5/1/1958,7.87
6/1/1958,7.32
7/1/1958,5.03
8/1/1958,3.87
9/1/1958,3.66
10/1/1958,1.95
11/1/1958,1.51
12/1/1958,1.03
1/1/1959,1.87
2/1/1959,1.81
3/1/1959,-0.37
4/1/1959,-1.04
5/1/1959,-0.81
6/1/1959,-0.87
7/1/1959,-0.34
8/1/1959,-0.45
9/1/1959,-0.24
10/1/1959,-0.71
11/1/1959,-0.74
12/1/1959,-0.86
1/1/1960,0.26
2/1/1960,1.65
3/1/1960,1.44
4/1/1960,2
5/1/1960,2.44
6/1/1960,2.54
7/1/1960,1.65
8/1/1960,1.08
9/1/1960,0.52
10/1/1960,0.17
11/1/1960,0.25
12/1/1960,-0.29
1/1/1961,-0.16
2/1/1961,-0.33
3/1/1961,0.41
4/1/1961,1.79
5/1/1961,2.11
6/1/1961,0.74
7/1/1961,1.15
8/1/1961,1.27
9/1/1961,0.18
10/1/1961,-0.54
11/1/1961,-0.21
12/1/1961,1.51
1/1/1962,1.96
2/1/1962,1.96
3/1/1962,3.26
4/1/1962,3.15
5/1/1962,2.82
6/1/1962,1.3
7/1/1962,2.44
8/1/1962,1.56
9/1/1962,0.98
10/1/1962,0.41
11/1/1962,1.42
12/1/1962,2.91
1/1/1963,3.15
2/1/1963,3.07
3/1/1963,1.42
4/1/1963,1.76
5/1/1963,-0.21
6/1/1963,-1.12
7/1/1963,-1.14
8/1/1963,-2.04
9/1/1963,-3.19
10/1/1963,-2.34
11/1/1963,-2.21
12/1/1963,-2.96
1/1/1964,-1.59
2/1/1964,0.21
3/1/1964,0.74
4/1/1964,0.17
5/1/1964,1.5
6/1/1964,1.34
7/1/1964,0.25
8/1/1964,0.09
9/1/1964,0.34
10/1/1964,0.28
11/1/1964,0.95
12/1/1964,1.08
1/1/1965,-0.62
2/1/1965,-1.26
3/1/1965,-1.02
4/1/1965,-1.4
5/1/1965,-1.84
6/1/1965,-2.26
7/1/1965,-1.51
8/1/1965,-2.35
9/1/1965,-2.66
10/1/1965,-2.64
11/1/1965,-2.32
12/1/1965,-1.35
1/1/1966,-0.35
2/1/1966,2.12
3/1/1966,3.01
4/1/1966,3.3
5/1/1966,2.26
6/1/1966,0.82
7/1/1966,0.39
8/1/1966,0.3
9/1/1966,0.45
10/1/1966,0.11
11/1/1966,0.33
12/1/1966,0.09
1/1/1967,0.84
2/1/1967,0.1
3/1/1967,0.2
4/1/1967,1.3
5/1/1967,0.84
6/1/1967,0.01
7/1/1967,0.43
8/1/1967,0.08
9/1/1967,0.18
10/1/1967,-0.43
11/1/1967,-1.82
12/1/1967,-2.17
1/1/1968,-0.99
2/1/1968,0.68
3/1/1968,0.67
4/1/1968,-0.07
5/1/1968,-0.14
6/1/1968,-1.45
7/1/1968,-1.79
8/1/1968,-1.9
9/1/1968,-1.62
10/1/1968,-1.44
11/1/1968,-1.13
12/1/1968,-0.68
1/1/1969,1.11
2/1/1969,2.86
3/1/1969,5.19
4/1/1969,3.83
5/1/1969,3.17
6/1/1969,1.89
7/1/1969,1.61
8/1/1969,0.54
9/1/1969,-0.26
10/1/1969,-0.52
11/1/1969,0.52
12/1/1969,1.88
1/1/1970,3.81
2/1/1970,4.2
3/1/1970,5.33
4/1/1970,4.12
5/1/1970,3.58
6/1/1970,2.48
7/1/1970,1.2
8/1/1970,0.86
9/1/1970,-0.02
10/1/1970,0.31
11/1/1970,0.51
12/1/1970,0.97
1/1/1971,0.73
2/1/1971,-0.17
3/1/1971,-1
4/1/1971,-2.61
5/1/1971,-3.56
6/1/1971,-3.8
7/1/1971,-1.96
8/1/1971,-2.47
9/1/1971,-1.56
10/1/1971,-0.26
11/1/1971,0.73
12/1/1971,-0.44
1/1/1972,-1.63
2/1/1972,-2.15
3/1/1972,-3.12
4/1/1972,-3.04
5/1/1972,-3.32
6/1/1972,-4.31
7/1/1972,-4.77
8/1/1972,-4.91
9/1/1972,-4.75
10/1/1972,-4.5
11/1/1972,-4.93
12/1/1972,-6.82
1/1/1973,-6.53
2/1/1973,-5.69
3/1/1973,-4.97
4/1/1973,-3.62
5/1/1973,-2.54
6/1/1973,-2.47
7/1/1973,-2.15
8/1/1973,-2.06
9/1/1973,-2.02
10/1/1973,-2.4
11/1/1973,-1.91
12/1/1973,-1.17
1/1/1974,-1.49
2/1/1974,-2.91
3/1/1974,-4.81
4/1/1974,-6.31
5/1/1974,-6.22
6/1/1974,-4.9
7/1/1974,-3.89
8/1/1974,-3.66
9/1/1974,-3.9
10/1/1974,-3.46
11/1/1974,-4.12
12/1/1974,-3.91
1/1/1975,-2.14
2/1/1975,-2.4
3/1/1975,-3.01
4/1/1975,-2.42
5/1/1975,-3.16
6/1/1975,-2.9
7/1/1975,-1.17
8/1/1975,-0.55
9/1/1975,-1.13
10/1/1975,-1.35
11/1/1975,-1.67
12/1/1975,-0.62
1/1/1976,-0.02
2/1/1976,-1.1
3/1/1976,-2.74
4/1/1976,-2.43
5/1/1976,-2.81
6/1/1976,-2.12
7/1/1976,0.02
8/1/1976,1.56
9/1/1976,1.4
10/1/1976,0.82
11/1/1976,-0.66
12/1/1976,-2.15
1/1/1977,-1.98
2/1/1977,-1.57
3/1/1977,-0.83
4/1/1977,-0.31
5/1/1977,-0.08
6/1/1977,0.03
7/1/1977,-0.85
8/1/1977,-1.73
9/1/1977,-2.02
10/1/1977,-2.41
11/1/1977,-2.4
12/1/1977,-1.95
1/1/1978,0.23
2/1/1978,2
3/1/1978,3.2
4/1/1978,3.8
5/1/1978,2.05
6/1/1978,-0.39
7/1/1978,-1.32
8/1/1978,-0.54
9/1/1978,0.17
10/1/1978,0.51
11/1/1978,0.05
12/1/1978,-1.09
1/1/1979,1.15
2/1/1979,2.5
3/1/1979,2.37
4/1/1979,2.16
5/1/1979,2.42
6/1/1979,1.96
7/1/1979,1.16
8/1/1979,-0.42
9/1/1979,-0.89
10/1/1979,-0.26
11/1/1979,0.08
12/1/1979,0.89
1/1/1980,2.99
2/1/1980,3.35
3/1/1980,3.01
4/1/1980,4.19
5/1/1980,5.1
6/1/1980,3.64
7/1/1980,1.53
8/1/1980,1.73
9/1/1980,0.89
10/1/1980,0.22
11/1/1980,0.68
12/1/1980,0.75
1/1/1981,1.72
2/1/1981,2.78
3/1/1981,5.09
4/1/1981,4.03
5/1/1981,3.68
6/1/1981,2.19
7/1/1981,1.41
8/1/1981,0.32
9/1/1981,0.02
10/1/1981,-0.9
11/1/1981,-0.17
12/1/1981,1.91
1/1/1982,0.37
2/1/1982,-0.22
3/1/1982,-0.45
4/1/1982,-0.68
5/1/1982,0.31
6/1/1982,-0.3
7/1/1982,-0.92
8/1/1982,-0.75
9/1/1982,-2.21
10/1/1982,-3.12
11/1/1982,-4.18
12/1/1982,-5.89
1/1/1983,-5.87
2/1/1983,-3.18
3/1/1983,1.56
4/1/1983,2.41
5/1/1983,1.11
6/1/1983,1.25
7/1/1983,0.67
8/1/1983,-0.98
9/1/1983,-1.12
10/1/1983,-0.4
11/1/1983,0.42
12/1/1983,0.52
1/1/1984,-1.62
2/1/1984,-2.97
3/1/1984,-3.43
4/1/1984,-2.76
5/1/1984,-1.77
6/1/1984,-2.65
7/1/1984,-3.17
8/1/1984,-3.57
9/1/1984,-3.43
10/1/1984,-3.14
11/1/1984,-3.12
12/1/1984,-2.68
1/1/1985,-3.04
2/1/1985,-2.71
3/1/1985,-3.92
4/1/1985,-3.9
5/1/1985,-4.94
6/1/1985,-0.62
7/1/1985,0.12
8/1/1985,-0.26
9/1/1985,-0.39
10/1/1985,-1.1
11/1/1985,-0.23
12/1/1985,-1.88
1/1/1986,-3.85
2/1/1986,-4.4
3/1/1986,-4.39
4/1/1986,-5.2
5/1/1986,-4.42
6/1/1986,-4.37
7/1/1986,-3.02
8/1/1986,-2.75
9/1/1986,-1.68
10/1/1986,-2.34
11/1/1986,-3.41
12/1/1986,-5.95
1/1/1987,-3.66
2/1/1987,-2.74
3/1/1987,0.18
4/1/1987,0.93
5/1/1987,0.57
6/1/1987,2.34
7/1/1987,0.22
8/1/1987,0.78
9/1/1987,0.38
10/1/1987,0.58
11/1/1987,-0.68
12/1/1987,1.1
1/1/1988,-1.36
2/1/1988,-2.51
3/1/1988,-0.66
4/1/1988,1.39
5/1/1988,0.48
6/1/1988,1.71
7/1/1988,1.74
8/1/1988,0.47
9/1/1988,0.2
10/1/1988,-0.28
11/1/1988,0.08
12/1/1988,-0.21
1/1/1989,-2.6
2/1/1989,-2.84
3/1/1989,-4.84
4/1/1989,-5.79
5/1/1989,-4.45
6/1/1989,0.35
7/1/1989,2.14
8/1/1989,2.68
9/1/1989,0.52
10/1/1989,0.54
11/1/1989,-0.24
12/1/1989,1.63
1/1/1990,-0.18
2/1/1990,-1.27
3/1/1990,-1.6
4/1/1990,-0.8
5/1/1990,0.61
6/1/1990,-0.3
7/1/1990,0.91
8/1/1990,2.1
9/1/1990,2.08
10/1/1990,1.35
11/1/1990,0.83
12/1/1990,-0.54
1/1/1991,-1.29
2/1/1991,-1.19
3/1/1991,-2.06
4/1/1991,-3.57
5/1/1991,-4.43
6/1/1991,-5.03
7/1/1991,-4.12
8/1/1991,-2.15
9/1/1991,0.38
10/1/1991,-1.31
11/1/1991,-1.22
12/1/1991,-2.19
1/1/1992,-1.47
2/1/1992,-0.98
3/1/1992,-0.75
4/1/1992,-1.21
5/1/1992,-0.34
6/1/1992,0.02
7/1/1992,0.68
8/1/1992,0.08
9/1/1992,-0.02
10/1/1992,0.06
11/1/1992,-0.71
12/1/1992,-1.34
1/1/1993,-2.26
2/1/1993,-2.51
3/1/1993,-3.14
4/1/1993,-3.26
5/1/1993,-2.3
6/1/1993,-0.88
7/1/1993,-2.55
8/1/1993,-2.52
9/1/1993,-2.64
10/1/1993,-3.22
11/1/1993,-5.27
12/1/1993,-5.93
1/1/1994,-6.23
2/1/1994,-5.47
3/1/1994,-5.56
4/1/1994,-4.92
5/1/1994,-4.82
6/1/1994,-3.49
7/1/1994,-2.31
8/1/1994,-2.24
9/1/1994,-1.71
10/1/1994,-1.42
11/1/1994,-1.7
12/1/1994,-2.24
1/1/1995,-1.37
2/1/1995,-1.66
3/1/1995,-3.49
4/1/1995,-1.58
5/1/1995,0.76
6/1/1995,1.33
7/1/1995,2.48
8/1/1995,2.99
9/1/1995,2.91
10/1/1995,3.46
11/1/1995,4.66
12/1/1995,4.35
1/1/1996,5.71
2/1/1996,2.64
3/1/1996,0.09
4/1/1996,0.02
5/1/1996,-0.15
6/1/1996,-1.58
7/1/1996,-1.27
8/1/1996,-0.58
9/1/1996,0.53
10/1/1996,1.17
11/1/1996,1.42
12/1/1996,2.32
1/1/1997,4.26
2/1/1997,3.32
3/1/1997,2.7
4/1/1997,2.11
5/1/1997,2.52
6/1/1997,2.32
7/1/1997,0.23
8/1/1997,-1.4
9/1/1997,-1.16
10/1/1997,-0.15
11/1/1997,-0.35
12/1/1997,-1.44
1/1/1998,-1.55
2/1/1998,1.52
3/1/1998,2.17
4/1/1998,0.74
5/1/1998,1.2
6/1/1998,1.42
7/1/1998,0.85
8/1/1998,1.89
9/1/1998,1.35
10/1/1998,4.11
11/1/1998,4.39
12/1/1998,3.97
1/1/1999,1.36
2/1/1999,-0.3
3/1/1999,-2.06
4/1/1999,-2.8
5/1/1999,-1.87
6/1/1999,-0.83
7/1/1999,-1.1
8/1/1999,0.94
9/1/1999,2.35
10/1/1999,2.2
11/1/1999,2.29
12/1/1999,3.66
1/1/2000,1.19
2/1/2000,-0.38
3/1/2000,0.31
4/1/2000,-1.41
5/1/2000,-1.99
6/1/2000,-2.3
7/1/2000,-1.05
8/1/2000,-0.38
9/1/2000,-0.12
10/1/2000,0.15
11/1/2000,0.39
12/1/2000,0.24
1/1/2001,0.4
2/1/2001,-0.06
3/1/2001,0.15
4/1/2001,-1.45
5/1/2001,-2.08
6/1/2001,-0.64
7/1/2001,0.41
8/1/2001,0.41
9/1/2001,2.93
10/1/2001,3.31
11/1/2001,5.03
12/1/2001,5.54
1/1/2002,6.05
2/1/2002,4.3
3/1/2002,2.14
4/1/2002,-2.38
5/1/2002,-4.39
6/1/2002,-4.43
7/1/2002,-3.56
8/1/2002,-1.99
9/1/2002,-0.73
10/1/2002,1.14
11/1/2002,0.91
12/1/2002,-0.45
1/1/2003,0.13
2/1/2003,-1.6
3/1/2003,-3.1
4/1/2003,-1.79
5/1/2003,-1.51
6/1/2003,-0.11
7/1/2003,-0.16
8/1/2003,1.37
9/1/2003,2.67
10/1/2003,3.82
11/1/2003,2.17
12/1/2003,1.98
1/1/2004,2.87
2/1/2004,3.07
3/1/2004,2.17
4/1/2004,2.72
5/1/2004,0.9
6/1/2004,1.22
7/1/2004,1.82
8/1/2004,3.7
9/1/2004,2.96
10/1/2004,4.1
11/1/2004,4.88
12/1/2004,3.78
1/1/2005,2.39
2/1/2005,1.43
3/1/2005,2.27
4/1/2005,3.82
5/1/2005,4.58
6/1/2005,5.55
7/1/2005,4.03
8/1/2005,3.31
9/1/2005,4.08
10/1/2005,3.63
11/1/2005,3.69
12/1/2005,5.29
1/1/2006,4.17
2/1/2006,1.2
3/1/2006,-0.26
4/1/2006,1.3
5/1/2006,0.83
6/1/2006,0.07
7/1/2006,-0.51
8/1/2006,1.27
9/1/2006,1.99
10/1/2006,3.69
11/1/2006,4.49
12/1/2006,2.47
1/1/2007,2.24
2/1/2007,2.96
3/1/2007,1.98
4/1/2007,0.99
5/1/2007,-0.2
6/1/2007,-0.48
7/1/2007,-0.99
8/1/2007,-0.24
9/1/2007,0.2
10/1/2007,2.42
11/1/2007,3.5
12/1/2007,2.58
1/1/2008,2.15
2/1/2008,0.98
3/1/2008,0.12
4/1/2008,-1.87
5/1/2008,-0.64
6/1/2008,-0.59
7/1/2008,-0.41
8/1/2008,0.08
9/1/2008,2.09
10/1/2008,2.81
11/1/2008,1.84
12/1/2008,1.89
1/1/2009,0.67
2/1/2009,-2.79
3/1/2009,-3.72
4/1/2009,-4.03
5/1/2009,-5.29
6/1/2009,-3.6
7/1/2009,0.11
8/1/2009,0.33
9/1/2009,0.45
10/1/2009,2.56
11/1/2009,2.53
12/1/2009,1.01
1/1/2010,1.98
2/1/2010,3.96
3/1/2010,5.01
4/1/2010,5.3
5/1/2010,6.11
6/1/2010,4.17
7/1/2010,3.84
8/1/2010,4.19
9/1/2010,4.92
10/1/2010,6.11
11/1/2010,6.32
12/1/2010,7.8
1/1/2011,7.01
2/1/2011,3.3
3/1/2011,1.37
4/1/2011,0.16
5/1/2011,0.96
6/1/2011,1.87
7/1/2011,0.97
8/1/2011,0.78
9/1/2011,2.24
10/1/2011,3.32
11/1/2011,3.36
12/1/2011,4.47
1/1/2012,3.13
2/1/2012,1.33
3/1/2012,-2.18
4/1/2012,-1.23
5/1/2012,-0.85
6/1/2012,0.48
7/1/2012,0.74
8/1/2012,2.05
9/1/2012,3.49
10/1/2012,4.97
11/1/2012,5.35
12/1/2012,3.92
1/1/2013,2.86
2/1/2013,1.63
3/1/2013,3.72
4/1/2013,2.22
5/1/2013,3.12
6/1/2013,0.86
7/1/2013,0.75
8/1/2013,1.63
9/1/2013,2.9
10/1/2013,4.48
11/1/2013,3.06
12/1/2013,2.85
1/1/2014,0.77
2/1/2014,-1.92
3/1/2014,-4.4
4/1/2014,-3.68
5/1/2014,-3.8
6/1/2014,-4.29
7/1/2014,-2.13
8/1/2014,-0.34
9/1/2014,1.8
10/1/2014,3.18
11/1/2014,3.1
12/1/2014,1.35
1/1/2015,-0.8
2/1/2015,-1.78
3/1/2015,-4.23
4/1/2015,-5.65
5/1/2015,-4.08
6/1/2015,-4.13
7/1/2015,-1.6
8/1/2015,1.1
9/1/2015,2.44
10/1/2015,3.95
11/1/2015,1.08
12/1/2015,-0.58
1/1/2016,-0.56
2/1/2016,-0.66
3/1/2016,-1.4
4/1/2016,-1.58
5/1/2016,0.09
6/1/2016,-0.1
7/1/2016,-0.14
8/1/2016,1.09
9/1/2016,2.11
10/1/2016,2.65
11/1/2016,3.57
12/1/2016,2.87
1/1/2017,1.69
2/1/2017,0.82
3/1/2017,-1.07
4/1/2017,0.13
5/1/2017,2.16
6/1/2017,1.16
7/1/2017,2.1
8/1/2017,1.93
9/1/2017,3.1
10/1/2017,2.94
11/1/2017,4.48
12/1/2017,6.14
1/1/2018,2.12
2/1/2018,-0.22
3/1/2018,0.56
4/1/2018,-2.9
5/1/2018,-4.72
6/1/2018,-6.48
7/1/2018,-4.72
8/1/2018,-1.36
9/1/2018,-0.78
10/1/2018,0.99
11/1/2018,-0.68
12/1/2018,-1.83
1/1/2019,-0.7
2/1/2019,-0.03
3/1/2019,-3.01
4/1/2019,-3.54
5/1/2019,-2.08
6/1/2019,-1.35
7/1/2019,-0.14
8/1/2019,0.33
9/1/2019,2.33
10/1/2019,2.25
11/1/2019,-0.02
12/1/2019,-1.19
1/1/2020,-1.87
2/1/2020,-1.51
3/1/2020,-0.49
4/1/2020,0.19
5/1/2020,-1.04
6/1/2020,0.52
7/1/2020,-0.59
8/1/2020,0.29
9/1/2020,1.9
10/1/2020,3.77
11/1/2020,2.92
12/1/2020,3.6
1/1/2021,3.39
2/1/2021,1.97
3/1/2021,0.16
4/1/2021,-0.97
5/1/2021,-2.29
6/1/2021,-4.13
7/1/2021,-4.12
8/1/2021,-2.29
9/1/2021,1.31
10/1/2021,1.83
11/1/2021,3.18
12/1/2021,2.69
1/1/2022,2.97
2/1/2022,2.1
3/1/2022,-1.27
4/1/2022,-2.44
5/1/2022,-0.24
6/1/2022,-0.6
7/1/2022,-1.57
8/1/2022,-0.21
9/1/2022,2.2
10/1/2022,2.8
11/1/2022,2.2
12/1/2022,1.61
1/1/2023,1.29
2/1/2023,0.11
3/1/2023,1.02
4/1/2023,1.12
5/1/2023,2.28
6/1/2023,3.74
7/1/2023,3.18
8/1/2023,2.95
9/1/2023,5.72
10/1/2023,5.51
11/1/2023,4
12/1/2023,2.58
1/1/2024,3.96
2/1/2024,4.02
3/1/2024,3.14
4/1/2024,1.55
5/1/2024,3.3
6/1/2024,3.22
7/1/2024,0.9
8/1/2024,2.75
9/1/2024,4.4
10/1/2024,4.39
11/1/2024,4.91
12/1/2024,4.97
1/1/2025,5.17
2/1/2025,1.96
3/1/2025,0
4/1/2025,-1.49
5/1/2025,-1.84
6/1/2025,-1.87
7/1/2025,-0.76
8/1/2025,0.5
9/1/2025,2.82
10/1/2025,4.29
11/1/2025,5.83
12/1/2025,3.7
1/1/2026,1.58
2/1/2026,-0.16
