 Datetime,noa_value
01-Jan-1950,0.92
01-Feb-1950,0.4
01-Mar-1950,-0.36
01-Apr-1950,0.73
01-May-1950,-0.59
01-Jun-1950,-0.06
01-Jul-1950,-1.26
01-Aug-1950,-0.05
01-Sep-1950,0.25
01-Oct-1950,0.85
01-Nov-1950,-1.26
01-Dec-1950,-1.02
01-Jan-1951,0.08
01-Feb-1951,0.7
01-Mar-1951,-1.02
01-Apr-1951,-0.22
01-May-1951,-0.59
01-Jun-1951,-1.64
01-Jul-1951,1.37
01-Aug-1951,-0.22
01-Sep-1951,-1.36
01-Oct-1951,1.87
01-Nov-1951,-0.39
01-Dec-1951,1.32
01-Jan-1952,0.93
01-Feb-1952,-0.83
01-Mar-1952,-1.49
01-Apr-1952,1.01
01-May-1952,-1.12
01-Jun-1952,-0.4
01-Jul-1952,-0.09
01-Aug-1952,-0.28
01-Sep-1952,-0.54
01-Oct-1952,-0.73
01-Nov-1952,-1.13
01-Dec-1952,-0.43
01-Jan-1953,0.33
01-Feb-1953,-0.49
01-Mar-1953,-0.04
01-Apr-1953,-1.67
01-May-1953,-0.66
01-Jun-1953,1.09
01-Jul-1953,0.4
01-Aug-1953,-0.71
01-Sep-1953,-0.35
01-Oct-1953,1.32
01-Nov-1953,1.04
01-Dec-1953,-0.47
01-Jan-1954,0.37
01-Feb-1954,0.74
01-Mar-1954,-0.83
01-Apr-1954,1.34
01-May-1954,-0.09
01-Jun-1954,-0.25
01-Jul-1954,-0.6
01-Aug-1954,-1.9
01-Sep-1954,-0.44
01-Oct-1954,0.6
01-Nov-1954,0.4
01-Dec-1954,0.69
01-Jan-1955,-1.84
01-Feb-1955,-1.12
01-Mar-1955,-0.53
01-Apr-1955,-0.42
01-May-1955,-0.34
01-Jun-1955,-1.1
01-Jul-1955,1.76
01-Aug-1955,1.07
01-Sep-1955,0.32
01-Oct-1955,-1.47
01-Nov-1955,-1.29
01-Dec-1955,0.17
01-Jan-1956,-0.22
01-Feb-1956,-1.12
01-Mar-1956,-0.05
01-Apr-1956,-1.06
01-May-1956,2.21
01-Jun-1956,0.1
01-Jul-1956,-0.75
01-Aug-1956,-1.37
01-Sep-1956,0.24
01-Oct-1956,0.88
01-Nov-1956,0.51
01-Dec-1956,0.1
01-Jan-1957,1.05
01-Feb-1957,0.11
01-Mar-1957,-1.26
01-Apr-1957,0.49
01-May-1957,-0.79
01-Jun-1957,-0.72
01-Jul-1957,-1.19
01-Aug-1957,-0.55
01-Sep-1957,-1.66
01-Oct-1957,1.32
01-Nov-1957,0.73
01-Dec-1957,0.12
01-Jan-1958,-0.54
01-Feb-1958,-1.06
01-Mar-1958,-1.96
01-Apr-1958,0.37
01-May-1958,-0.24
01-Jun-1958,-1.38
01-Jul-1958,-1.73
01-Aug-1958,-1.56
01-Sep-1958,-0.07
01-Oct-1958,0.16
01-Nov-1958,1.64
01-Dec-1958,-0.7
01-Jan-1959,-0.87
01-Feb-1959,0.68
01-Mar-1959,-0.15
01-Apr-1959,0.36
01-May-1959,0.39
01-Jun-1959,0.4
01-Jul-1959,0.74
01-Aug-1959,0.06
01-Sep-1959,0.88
01-Oct-1959,0.89
01-Nov-1959,0.41
01-Dec-1959,0.44
01-Jan-1960,-1.29
01-Feb-1960,-1.89
01-Mar-1960,-0.5
01-Apr-1960,1.36
01-May-1960,0.45
01-Jun-1960,-0.21
01-Jul-1960,0.35
01-Aug-1960,-1.4
01-Sep-1960,0.39
01-Oct-1960,-1.73
01-Nov-1960,-0.51
01-Dec-1960,0.06
01-Jan-1961,0.41
01-Feb-1961,0.45
01-Mar-1961,0.55
01-Apr-1961,-1.55
01-May-1961,-0.36
01-Jun-1961,0.86
01-Jul-1961,-0.39
01-Aug-1961,0.9
01-Sep-1961,1.24
01-Oct-1961,0.51
01-Nov-1961,-0.62
01-Dec-1961,-1.48
01-Jan-1962,0.61
01-Feb-1962,0.55
01-Mar-1962,-2.47
01-Apr-1962,0.99
01-May-1962,-0.1
01-Jun-1962,0.16
01-Jul-1962,-2.47
01-Aug-1962,0.14
01-Sep-1962,-0.37
01-Oct-1962,0.41
01-Nov-1962,-0.23
01-Dec-1962,-1.32
01-Jan-1963,-2.12
01-Feb-1963,-0.96
01-Mar-1963,-0.43
01-Apr-1963,-1.35
01-May-1963,2.16
01-Jun-1963,-0.43
01-Jul-1963,-0.77
01-Aug-1963,-0.64
01-Sep-1963,1.79
01-Oct-1963,0.94
01-Nov-1963,-1.27
01-Dec-1963,-1.92
01-Jan-1964,-0.95
01-Feb-1964,-1.43
01-Mar-1964,-1.2
01-Apr-1964,0.36
01-May-1964,0.52
01-Jun-1964,1.29
01-Jul-1964,1.9
01-Aug-1964,-1.77
01-Sep-1964,0.2
01-Oct-1964,0.74
01-Nov-1964,-0.01
01-Dec-1964,-0.15
01-Jan-1965,-0.12
01-Feb-1965,-1.55
01-Mar-1965,-1.51
01-Apr-1965,0.72
01-May-1965,-0.62
01-Jun-1965,0.29
01-Jul-1965,0.32
01-Aug-1965,0.45
01-Sep-1965,0.37
01-Oct-1965,0.38
01-Nov-1965,-1.66
01-Dec-1965,1.37
01-Jan-1966,-1.74
01-Feb-1966,-1.39
01-Mar-1966,0.56
01-Apr-1966,-0.75
01-May-1966,0.22
01-Jun-1966,1.05
01-Jul-1966,0.32
01-Aug-1966,-1.76
01-Sep-1966,-0.45
01-Oct-1966,-0.68
01-Nov-1966,-0.04
01-Dec-1966,0.72
01-Jan-1967,-0.89
01-Feb-1967,0.19
01-Mar-1967,1.51
01-Apr-1967,0.18
01-May-1967,-0.99
01-Jun-1967,1.4
01-Jul-1967,0.41
01-Aug-1967,1.44
01-Sep-1967,0.93
01-Oct-1967,0.07
01-Nov-1967,0.6
01-Dec-1967,-0.45
01-Jan-1968,0.13
01-Feb-1968,-1.29
01-Mar-1968,0.4
01-Apr-1968,-1.08
01-May-1968,-1.76
01-Jun-1968,0.33
01-Jul-1968,-0.8
01-Aug-1968,-0.66
01-Sep-1968,-1.92
01-Oct-1968,-2.3
01-Nov-1968,-0.93
01-Dec-1968,-1.4
01-Jan-1969,-0.83
01-Feb-1969,-1.55
01-Mar-1969,-1.56
01-Apr-1969,1.53
01-May-1969,0.55
01-Jun-1969,0.55
01-Jul-1969,0.57
01-Aug-1969,-1.45
01-Sep-1969,2.07
01-Oct-1969,0.66
01-Nov-1969,-0.96
01-Dec-1969,-0.28
01-Jan-1970,-1.5
01-Feb-1970,0.64
01-Mar-1970,-0.96
01-Apr-1970,-1.3
01-May-1970,1.14
01-Jun-1970,1.55
01-Jul-1970,0.1
01-Aug-1970,0.1
01-Sep-1970,-0.09
01-Oct-1970,-0.92
01-Nov-1970,-0.6
01-Dec-1970,-1.2
01-Jan-1971,-1.13
01-Feb-1971,0.24
01-Mar-1971,-0.84
01-Apr-1971,-0.24
01-May-1971,0.5
01-Jun-1971,-1.57
01-Jul-1971,0.24
01-Aug-1971,1.55
01-Sep-1971,0.39
01-Oct-1971,0.58
01-Nov-1971,-0.2
01-Dec-1971,0.6
01-Jan-1972,0.27
01-Feb-1972,0.32
01-Mar-1972,0.72
01-Apr-1972,-0.22
01-May-1972,0.95
01-Jun-1972,0.88
01-Jul-1972,0.18
01-Aug-1972,1.32
01-Sep-1972,-0.12
01-Oct-1972,1.09
01-Nov-1972,0.54
01-Dec-1972,0.19
01-Jan-1973,0.04
01-Feb-1973,0.85
01-Mar-1973,0.3
01-Apr-1973,-0.54
01-May-1973,-0.44
01-Jun-1973,0.39
01-Jul-1973,0.57
01-Aug-1973,-0.06
01-Sep-1973,-0.3
01-Oct-1973,-1.24
01-Nov-1973,-0.93
01-Dec-1973,0.32
01-Jan-1974,1.34
01-Feb-1974,-0.14
01-Mar-1974,-0.03
01-Apr-1974,0.51
01-May-1974,-0.24
01-Jun-1974,-0.14
01-Jul-1974,-0.76
01-Aug-1974,-0.64
01-Sep-1974,0.82
01-Oct-1974,0.49
01-Nov-1974,-0.54
01-Dec-1974,1.5
01-Jan-1975,0.58
01-Feb-1975,-0.62
01-Mar-1975,-0.61
01-Apr-1975,-1.6
01-May-1975,-0.52
01-Jun-1975,-0.84
01-Jul-1975,1.55
01-Aug-1975,-0.26
01-Sep-1975,1.56
01-Oct-1975,-0.54
01-Nov-1975,0.41
01-Dec-1975,0
01-Jan-1976,-0.25
01-Feb-1976,0.93
01-Mar-1976,0.75
01-Apr-1976,0.26
01-May-1976,0.96
01-Jun-1976,0.8
01-Jul-1976,-0.32
01-Aug-1976,1.92
01-Sep-1976,-1.29
01-Oct-1976,-0.08
01-Nov-1976,0.17
01-Dec-1976,-1.6
01-Jan-1977,-1.04
01-Feb-1977,-0.49
01-Mar-1977,-0.81
01-Apr-1977,0.65
01-May-1977,-0.86
01-Jun-1977,-0.57
01-Jul-1977,-0.45
01-Aug-1977,-0.28
01-Sep-1977,0.37
01-Oct-1977,0.52
01-Nov-1977,-0.07
01-Dec-1977,-1
01-Jan-1978,0.66
01-Feb-1978,-2.2
01-Mar-1978,0.7
01-Apr-1978,-1.17
01-May-1978,1.08
01-Jun-1978,1.38
01-Jul-1978,-1.14
01-Aug-1978,0.64
01-Sep-1978,0.46
01-Oct-1978,1.93
01-Nov-1978,3.04
01-Dec-1978,-1.57
01-Jan-1979,-1.38
01-Feb-1979,-0.67
01-Mar-1979,0.78
01-Apr-1979,-1.71
01-May-1979,-1.03
01-Jun-1979,1.6
01-Jul-1979,0.83
01-Aug-1979,0.96
01-Sep-1979,1.01
01-Oct-1979,-0.3
01-Nov-1979,0.53
01-Dec-1979,1
01-Jan-1980,-0.75
01-Feb-1980,0.05
01-Mar-1980,-0.31
01-Apr-1980,1.29
01-May-1980,-1.5
01-Jun-1980,-0.37
01-Jul-1980,-0.42
01-Aug-1980,-2.24
01-Sep-1980,0.66
01-Oct-1980,-1.77
01-Nov-1980,-0.37
01-Dec-1980,0.78
01-Jan-1981,0.37
01-Feb-1981,0.92
01-Mar-1981,-1.19
01-Apr-1981,0.36
01-May-1981,0.2
01-Jun-1981,-0.45
01-Jul-1981,0.05
01-Aug-1981,0.39
01-Sep-1981,-1.45
01-Oct-1981,-1.35
01-Nov-1981,-0.38
01-Dec-1981,-0.02
01-Jan-1982,-0.89
01-Feb-1982,1.15
01-Mar-1982,1.15
01-Apr-1982,0.1
01-May-1982,-0.53
01-Jun-1982,-1.63
01-Jul-1982,1.15
01-Aug-1982,0.26
01-Sep-1982,1.76
01-Oct-1982,-0.74
01-Nov-1982,1.6
01-Dec-1982,1.78
01-Jan-1983,1.59
01-Feb-1983,-0.53
01-Mar-1983,0.95
01-Apr-1983,-0.85
01-May-1983,-0.07
01-Jun-1983,0.99
01-Jul-1983,1.19
01-Aug-1983,1.61
01-Sep-1983,-1.12
01-Oct-1983,0.65
01-Nov-1983,-0.98
01-Dec-1983,0.29
01-Jan-1984,1.66
01-Feb-1984,0.72
01-Mar-1984,-0.37
01-Apr-1984,-0.28
01-May-1984,0.54
01-Jun-1984,-0.42
01-Jul-1984,-0.07
01-Aug-1984,1.15
01-Sep-1984,0.17
01-Oct-1984,-0.07
01-Nov-1984,-0.06
01-Dec-1984,0
01-Jan-1985,-1.61
01-Feb-1985,-0.49
01-Mar-1985,0.2
01-Apr-1985,0.32
01-May-1985,-0.49
01-Jun-1985,-0.8
01-Jul-1985,1.22
01-Aug-1985,-0.48
01-Sep-1985,-0.52
01-Oct-1985,0.9
01-Nov-1985,-0.67
01-Dec-1985,0.22
01-Jan-1986,1.11
01-Feb-1986,-1
01-Mar-1986,1.71
01-Apr-1986,-0.59
01-May-1986,0.85
01-Jun-1986,1.22
01-Jul-1986,0.12
01-Aug-1986,-1.09
01-Sep-1986,-1.12
01-Oct-1986,1.55
01-Nov-1986,2.29
01-Dec-1986,0.99
01-Jan-1987,-1.15
01-Feb-1987,-0.73
01-Mar-1987,0.14
01-Apr-1987,2
01-May-1987,0.98
01-Jun-1987,-1.82
01-Jul-1987,0.52
01-Aug-1987,-0.83
01-Sep-1987,-1.22
01-Oct-1987,0.14
01-Nov-1987,0.18
01-Dec-1987,0.32
01-Jan-1988,1.02
01-Feb-1988,0.76
01-Mar-1988,-0.17
01-Apr-1988,-1.17
01-May-1988,0.63
01-Jun-1988,0.88
01-Jul-1988,-0.35
01-Aug-1988,0.04
01-Sep-1988,-0.99
01-Oct-1988,-1.08
01-Nov-1988,-0.34
01-Dec-1988,0.61
01-Jan-1989,1.17
01-Feb-1989,2
01-Mar-1989,1.85
01-Apr-1989,0.28
01-May-1989,1.38
01-Jun-1989,-0.27
01-Jul-1989,0.97
01-Aug-1989,0.01
01-Sep-1989,2.05
01-Oct-1989,-0.03
01-Nov-1989,0.16
01-Dec-1989,-1.15
01-Jan-1990,1.04
01-Feb-1990,1.41
01-Mar-1990,1.46
01-Apr-1990,2
01-May-1990,-1.53
01-Jun-1990,-0.02
01-Jul-1990,0.53
01-Aug-1990,0.97
01-Sep-1990,1.06
01-Oct-1990,0.23
01-Nov-1990,-0.24
01-Dec-1990,0.22
01-Jan-1991,0.86
01-Feb-1991,1.04
01-Mar-1991,-0.2
01-Apr-1991,0.29
01-May-1991,0.08
01-Jun-1991,-0.82
01-Jul-1991,-0.49
01-Aug-1991,1.23
01-Sep-1991,0.48
01-Oct-1991,-0.19
01-Nov-1991,0.48
01-Dec-1991,0.46
01-Jan-1992,-0.13
01-Feb-1992,1.07
01-Mar-1992,0.87
01-Apr-1992,1.86
01-May-1992,2.63
01-Jun-1992,0.2
01-Jul-1992,0.16
01-Aug-1992,0.85
01-Sep-1992,-0.44
01-Oct-1992,-1.76
01-Nov-1992,1.19
01-Dec-1992,0.47
01-Jan-1993,1.6
01-Feb-1993,0.5
01-Mar-1993,0.67
01-Apr-1993,0.97
01-May-1993,-0.78
01-Jun-1993,-0.59
01-Jul-1993,-3.18
01-Aug-1993,0.12
01-Sep-1993,-0.57
01-Oct-1993,-0.71
01-Nov-1993,2.56
01-Dec-1993,1.56
01-Jan-1994,1.04
01-Feb-1994,0.46
01-Mar-1994,1.26
01-Apr-1994,1.14
01-May-1994,-0.57
01-Jun-1994,1.52
01-Jul-1994,1.31
01-Aug-1994,0.38
01-Sep-1994,-1.32
01-Oct-1994,-0.97
01-Nov-1994,0.64
01-Dec-1994,2.02
01-Jan-1995,0.93
01-Feb-1995,1.14
01-Mar-1995,1.25
01-Apr-1995,-0.85
01-May-1995,-1.49
01-Jun-1995,0.13
01-Jul-1995,-0.22
01-Aug-1995,0.69
01-Sep-1995,0.31
01-Oct-1995,0.19
01-Nov-1995,-1.38
01-Dec-1995,-1.67
01-Jan-1996,-0.12
01-Feb-1996,-0.07
01-Mar-1996,-0.24
01-Apr-1996,-0.17
01-May-1996,-1.06
01-Jun-1996,0.56
01-Jul-1996,0.67
01-Aug-1996,1.02
01-Sep-1996,-0.86
01-Oct-1996,-0.33
01-Nov-1996,-0.56
01-Dec-1996,-1.41
01-Jan-1997,-0.49
01-Feb-1997,1.7
01-Mar-1997,1.46
01-Apr-1997,-1.02
01-May-1997,-0.28
01-Jun-1997,-1.47
01-Jul-1997,0.34
01-Aug-1997,0.83
01-Sep-1997,0.61
01-Oct-1997,-1.7
01-Nov-1997,-0.9
01-Dec-1997,-0.96
01-Jan-1998,0.39
01-Feb-1998,-0.11
01-Mar-1998,0.87
01-Apr-1998,-0.68
01-May-1998,-1.32
01-Jun-1998,-2.72
01-Jul-1998,-0.48
01-Aug-1998,-0.02
01-Sep-1998,-2
01-Oct-1998,-0.29
01-Nov-1998,-0.28
01-Dec-1998,0.87
01-Jan-1999,0.77
01-Feb-1999,0.29
01-Mar-1999,0.23
01-Apr-1999,-0.95
01-May-1999,0.92
01-Jun-1999,1.12
01-Jul-1999,-0.9
01-Aug-1999,0.39
01-Sep-1999,0.36
01-Oct-1999,0.2
01-Nov-1999,0.65
01-Dec-1999,1.61
01-Jan-2000,0.6
01-Feb-2000,1.7
01-Mar-2000,0.77
01-Apr-2000,-0.03
01-May-2000,1.58
01-Jun-2000,-0.03
01-Jul-2000,-1.03
01-Aug-2000,-0.29
01-Sep-2000,-0.21
01-Oct-2000,0.92
01-Nov-2000,-0.92
01-Dec-2000,-0.58
01-Jan-2001,0.25
01-Feb-2001,0.45
01-Mar-2001,-1.26
01-Apr-2001,0
01-May-2001,-0.02
01-Jun-2001,-0.2
01-Jul-2001,-0.25
01-Aug-2001,-0.07
01-Sep-2001,-0.65
01-Oct-2001,-0.24
01-Nov-2001,0.63
01-Dec-2001,-0.83
01-Jan-2002,0.44
01-Feb-2002,1.1
01-Mar-2002,0.69
01-Apr-2002,1.18
01-May-2002,-0.22
01-Jun-2002,0.38
01-Jul-2002,0.62
01-Aug-2002,0.38
01-Sep-2002,-0.7
01-Oct-2002,-2.28
01-Nov-2002,-0.18
01-Dec-2002,-0.94
01-Jan-2003,0.16
01-Feb-2003,0.62
01-Mar-2003,0.32
01-Apr-2003,-0.18
01-May-2003,0.01
01-Jun-2003,-0.07
01-Jul-2003,0.13
01-Aug-2003,-0.07
01-Sep-2003,0.01
01-Oct-2003,-1.26
01-Nov-2003,0.86
01-Dec-2003,0.64
01-Jan-2004,-0.29
01-Feb-2004,-0.14
01-Mar-2004,1.02
01-Apr-2004,1.15
01-May-2004,0.19
01-Jun-2004,-0.89
01-Jul-2004,1.13
01-Aug-2004,-0.48
01-Sep-2004,0.38
01-Oct-2004,-1.1
01-Nov-2004,0.73
01-Dec-2004,1.21
01-Jan-2005,1.52
01-Feb-2005,-0.06
01-Mar-2005,-1.83
01-Apr-2005,-0.3
01-May-2005,-1.25
01-Jun-2005,-0.05
01-Jul-2005,-0.51
01-Aug-2005,0.37
01-Sep-2005,0.63
01-Oct-2005,-0.98
01-Nov-2005,-0.31
01-Dec-2005,-0.44
01-Jan-2006,1.2651
01-Feb-2006,-0.5106
01-Mar-2006,-1.2779
01-Apr-2006,1.2353
01-May-2006,-1.1444
01-Jun-2006,0.8412
01-Jul-2006,0.9024
01-Aug-2006,-1.7264
01-Sep-2006,-1.6219
01-Oct-2006,-2.2439
01-Nov-2006,0.4368
01-Dec-2006,1.3366
01-Jan-2007,0.2227
01-Feb-2007,-0.47
01-Mar-2007,1.4425
01-Apr-2007,0.1694
01-May-2007,0.6638
01-Jun-2007,-1.3064
01-Jul-2007,-0.5794
01-Aug-2007,-0.139
01-Sep-2007,0.7213
01-Oct-2007,0.4465
01-Nov-2007,0.5756
01-Dec-2007,0.3436
01-Jan-2008,0.8901
01-Feb-2008,0.7346
01-Mar-2008,0.0761
01-Apr-2008,-1.0655
01-May-2008,-1.728
01-Jun-2008,-1.3895
01-Jul-2008,-1.2741
01-Aug-2008,-1.1602
01-Sep-2008,1.0169
01-Oct-2008,-0.0434
01-Nov-2008,-0.3199
01-Dec-2008,-0.2765
01-Jan-2009,-0.0075
01-Feb-2009,0.0565
01-Mar-2009,0.5723
01-Apr-2009,-0.2044
01-May-2009,1.6827
01-Jun-2009,-1.2074
01-Jul-2009,-2.1529
01-Aug-2009,-0.1938
01-Sep-2009,1.5089
01-Oct-2009,-1.0322
01-Nov-2009,-0.0248
01-Dec-2009,-1.9257
01-Jan-2010,-1.1086
01-Feb-2010,-1.9845
01-Mar-2010,-0.8831
01-Apr-2010,-0.7199
01-May-2010,-1.487
01-Jun-2010,-0.816
01-Jul-2010,-0.425
01-Aug-2010,-1.2227
01-Sep-2010,-0.7948
01-Oct-2010,-0.9283
01-Nov-2010,-1.6158
01-Dec-2010,-1.8472
01-Jan-2011,-0.8768
01-Feb-2011,0.7012
01-Mar-2011,0.6129
01-Apr-2011,2.4775
01-May-2011,-0.0623
01-Jun-2011,-1.2795
01-Jul-2011,-1.5122
01-Aug-2011,-1.3475
01-Sep-2011,0.536
01-Oct-2011,0.3935
01-Nov-2011,1.3602
01-Dec-2011,2.5213
01-Jan-2012,1.1739
01-Feb-2012,0.4201
01-Mar-2012,1.2655
01-Apr-2012,0.471
01-May-2012,-0.9068
01-Jun-2012,-2.5309
01-Jul-2012,-1.3215
01-Aug-2012,-0.9832
01-Sep-2012,-0.5861
01-Oct-2012,-2.062
01-Nov-2012,-0.5782
01-Dec-2012,0.1706
01-Jan-2013,0.3453
01-Feb-2013,-0.4531
01-Mar-2013,-1.6119
01-Apr-2013,0.687
01-May-2013,0.5691
01-Jun-2013,0.5208
01-Jul-2013,0.6722
01-Aug-2013,0.9702
01-Sep-2013,0.2406
01-Oct-2013,-1.2801
01-Nov-2013,0.9008
01-Dec-2013,0.9457
01-Jan-2014,0.2903
01-Feb-2014,1.3352
01-Mar-2014,0.7983
01-Apr-2014,0.3052
01-May-2014,-0.9225
01-Jun-2014,-0.9701
01-Jul-2014,0.1754
01-Aug-2014,-1.6815
01-Sep-2014,1.6163
01-Oct-2014,-1.2706
01-Nov-2014,0.678
01-Dec-2014,1.8575
01-Jan-2015,1.7887
01-Feb-2015,1.3228
01-Mar-2015,1.4497
01-Apr-2015,0.7253
01-May-2015,0.1455
01-Jun-2015,-0.0668
01-Jul-2015,-3.179
01-Aug-2015,-0.7604
01-Sep-2015,-0.6485
01-Oct-2015,0.4372
01-Nov-2015,1.7438
01-Dec-2015,2.2436
01-Jan-2016,0.1165
01-Feb-2016,1.5803
01-Mar-2016,0.7344
01-Apr-2016,0.3751
01-May-2016,-0.7736
01-Jun-2016,-0.4325
01-Jul-2016,-1.7603
01-Aug-2016,-1.6453
01-Sep-2016,0.611
01-Oct-2016,0.4113
01-Nov-2016,-0.1637
01-Dec-2016,0.4783
01-Jan-2017,0.4782
01-Feb-2017,1.0048
01-Mar-2017,0.737
01-Apr-2017,1.7325
01-May-2017,-1.911
01-Jun-2017,0.045
01-Jul-2017,1.2556
01-Aug-2017,-1.0977
01-Sep-2017,-0.6127
01-Oct-2017,0.1859
01-Nov-2017,-0.0049
01-Dec-2017,0.8816
01-Jan-2018,1.4423
01-Feb-2018,1.5778
01-Mar-2018,-0.9269
01-Apr-2018,1.2411
01-May-2018,2.1208
01-Jun-2018,1.088
01-Jul-2018,1.3893
01-Aug-2018,1.967
01-Sep-2018,1.6736
01-Oct-2018,0.9345
01-Nov-2018,-0.1113
01-Dec-2018,0.6116
01-Jan-2019,0.592
01-Feb-2019,0.2914
01-Mar-2019,1.2321
01-Apr-2019,0.466
01-May-2019,-2.623
01-Jun-2019,-1.0886
01-Jul-2019,-1.4255
01-Aug-2019,-1.1684
01-Sep-2019,-0.1641
01-Oct-2019,-1.4134
01-Nov-2019,0.2785
01-Dec-2019,1.2016
01-Jan-2020,1.3432
01-Feb-2020,1.257
01-Mar-2020,1.0126
01-Apr-2020,-1.0224
01-May-2020,-0.4098
01-Jun-2020,-0.1469
01-Jul-2020,-1.2262
01-Aug-2020,0.1217
01-Sep-2020,0.985
01-Oct-2020,-0.6547
01-Nov-2020,2.5445
01-Dec-2020,-0.3024
01-Jan-2021,-1.1087
01-Feb-2021,0.1361
01-Mar-2021,0.7299
01-Apr-2021,-1.4251
01-May-2021,-1.2386
01-Jun-2021,0.7655
01-Jul-2021,0.026
01-Aug-2021,-0.2825
01-Sep-2021,-0.2137
01-Oct-2021,-2.2899
01-Nov-2021,-0.1846
01-Dec-2021,0.2885
01-Jan-2022,1.0778
01-Feb-2022,1.683
01-Mar-2022,0.7677
01-Apr-2022,-0.3646
01-May-2022,0.7062
01-Jun-2022,-0.118
01-Jul-2022,-0.0936
01-Aug-2022,1.4699
01-Sep-2022,-1.6105
01-Oct-2022,-0.7175
01-Nov-2022,0.6922
01-Dec-2022,-0.1456
01-Jan-2023,1.2503
01-Feb-2023,0.9227
01-Mar-2023,-1.1088
01-Apr-2023,-0.6284
01-May-2023,0.3864
01-Jun-2023,-0.5784
01-Jul-2023,-2.1746
01-Aug-2023,-1.164
01-Sep-2023,-0.4408
01-Oct-2023,-2.0292
01-Nov-2023,-0.3194
01-Dec-2023,1.9365
01-Jan-2024,0.206
01-Feb-2024,1.0894
01-Mar-2024,-0.2141
01-Apr-2024,-0.7802
01-May-2024,-0.443
01-Jun-2024,-0.0865
01-Jul-2024,1.4555
01-Aug-2024,0.6325
01-Sep-2024,-1.4283
01-Oct-2024,-0.375
01-Nov-2024,-0.2321
01-Dec-2024,1.2067
01-Jan-2025,-0.5224
01-Feb-2025,1.5958
01-Mar-2025,0.2999
01-Apr-2025,0.1841
01-May-2025,0.485
01-Jun-2025,0.6983
01-Jul-2025,0.4779
01-Aug-2025,0.2588
01-Sep-2025,-0.7994
01-Oct-2025,-0.9584
01-Nov-2025,-0.7847
01-Dec-2025,-0.6461
01-Jan-2026,-0.3602
01-Feb-2026,0.6807
